thumb_angle,thumb_percent,index_angle,index_percent,middle_angle,middle_percent,ring_angle,ring_percent,pinky_angle,pinky_percent,timestamp
,,,,,,,,,,1728848753.234074
147.22793412232684,58.91173648930737,167.01100573973093,100.0,171.38144495969505,100.0,170.01789874981682,100.0,173.62747596960656,100.0,1728848753.3572102
143.9128384222649,45.65135368905965,167.31202543182218,100.0,173.40291906314098,100.0,172.30060950966853,100.0,173.604911756504,100.0,1728848753.438812
142.34886390055738,39.395455602229504,167.4776841356438,100.0,174.35584809934306,100.0,174.13494250555013,100.0,174.55347345395106,100.0,1728848753.482568
145.64046854605272,52.561874184210865,166.89503227027814,100.0,173.30854264504387,100.0,173.7941777846991,100.0,174.5315800940138,100.0,1728848753.555394
145.8902328671317,53.56093146852675,166.53216345063365,100.0,172.15402898680273,100.0,174.5018363708419,100.0,177.21064807785166,100.0,1728848753.600917
147.87090487437615,61.483619497504606,166.03372767219892,100.0,171.81833490094346,100.0,174.5901471873746,100.0,177.71983351531236,100.0,1728848753.6706848
149.3635706432531,67.45428257301239,166.3027622183786,100.0,172.0756930447219,100.0,174.90598402346575,100.0,177.9321071318613,100.0,1728848753.732173
153.22459819069496,82.89839276277985,167.64651447959608,100.0,173.31398330338507,100.0,175.9734930227034,100.0,177.98958614361086,100.0,1728848753.79724
153.08361550382173,82.33446201528693,167.3538606386065,100.0,173.0039589767703,100.0,175.74630497751872,100.0,178.06255664981313,100.0,1728848753.865258
155.04894992019425,90.19579968077699,166.59513032747736,100.0,172.79121193715883,100.0,175.48883111206726,100.0,177.5543413403084,100.0,1728848753.931475
154.2244953716677,86.8979814866708,167.39737118995887,100.0,172.26966506227845,100.0,175.43605238809673,100.0,177.55933691402035,100.0,1728848754.000243
157.6544630924064,100.0,167.91577398038825,100.0,173.16075263863002,100.0,176.28400007614874,100.0,177.93502526170525,100.0,1728848754.0663302
159.82441328873514,100.0,167.3493652476257,100.0,172.46230677145337,100.0,175.79692566440633,100.0,177.54180671286176,100.0,1728848754.13407
163.65477361864066,100.0,168.3376387245531,100.0,173.51777532015527,100.0,176.03568263771763,100.0,176.76708723376447,100.0,1728848754.199635
171.73733571202078,100.0,169.36505090154793,100.0,175.01452987443525,100.0,176.36585640133873,100.0,176.56430344999055,100.0,1728848754.267487
177.48141650790095,100.0,170.4891769494111,100.0,175.26591995342625,100.0,176.83585509424304,100.0,177.2194742220206,100.0,1728848754.334592
173.49970553409605,100.0,171.75730394822415,100.0,175.4461052889835,100.0,177.02474501598007,100.0,177.42787206331943,100.0,1728848754.400456
172.65678643757403,100.0,172.25711427037345,100.0,176.56539732564795,100.0,177.88333883758793,100.0,176.8118854585078,100.0,1728848754.467577
173.78311657681806,100.0,171.85762363490258,100.0,176.46408013616056,100.0,177.95576756196576,100.0,176.44328127970397,100.0,1728848754.5338109
175.1124909098619,100.0,171.8128646612179,100.0,176.132928871744,100.0,177.62061312722273,100.0,175.937773792891,100.0,1728848754.6002681
178.5635618179635,100.0,171.22943050636135,100.0,175.34102414152116,100.0,177.3526484712205,100.0,175.4744436242563,100.0,1728848754.667962
142.34315001228012,39.37260004912048,169.59473538601733,100.0,173.9140667106008,100.0,176.89713659635504,100.0,176.24720655593538,100.0,1728848754.734726
95.84666282810228,0.0,170.56959639442115,100.0,175.53215382317546,100.0,177.2120091362863,100.0,176.0354083217998,100.0,1728848754.801037
97.45528577136241,0.0,169.59626377674905,100.0,174.94579355899367,100.0,176.2736433364989,100.0,176.72153155513962,100.0,1728848754.869035
101.56580494047394,0.0,169.52801778831468,100.0,174.4064083282565,100.0,175.05228385353027,100.0,176.80910654304137,100.0,1728848754.9338849
102.34106757889143,0.0,169.62446372689982,100.0,174.2182124707855,100.0,174.89775097112738,100.0,176.3887284227281,100.0,1728848755.000314
100.83365402959757,0.0,169.43104057326204,100.0,174.48271626719966,100.0,175.10583113395728,100.0,175.61928976538576,100.0,1728848755.0669591
101.15206001798238,0.0,169.61860526717354,100.0,174.3835115536843,100.0,175.09916303983186,100.0,174.86296328809482,100.0,1728848755.134561
101.59481484627734,0.0,169.28719332483655,100.0,174.20563368451442,100.0,174.49668531982232,100.0,174.15048920799762,100.0,1728848755.2017438
102.8064229907627,0.0,169.71690819221683,100.0,174.12111932714956,100.0,174.64751670883555,100.0,174.22811180993125,100.0,1728848755.268755
102.16897514646156,0.0,169.16122636469353,100.0,174.1138019876044,100.0,174.58442853504596,100.0,173.99798078921063,100.0,1728848755.334774
102.74250254024774,0.0,169.38393133556016,100.0,174.5425026218904,100.0,175.79882337361028,100.0,175.38095483017744,100.0,1728848755.4014652
95.91567231714542,0.0,170.60593544850806,100.0,175.26155954865152,100.0,176.90280395362745,100.0,175.83278643767215,100.0,1728848755.463171
144.31966128053335,47.27864512213341,170.10091986356824,100.0,175.96647989910323,100.0,179.7647250368541,100.0,175.6677214166838,100.0,1728848755.503041
160.57995780187397,100.0,171.92925627024073,100.0,176.35642915014853,100.0,178.94787994429626,100.0,176.23134009020163,100.0,1728848755.567455
171.3956981529584,100.0,172.16684478087257,100.0,176.80997237167205,100.0,178.72283228442572,100.0,176.87490292020598,100.0,1728848755.635007
175.87213860324465,100.0,171.8690181189751,100.0,176.16371741115233,100.0,178.44092015315508,100.0,176.13263493851755,100.0,1728848755.702688
176.62197567647036,100.0,171.98719862741024,100.0,175.9790754638419,100.0,178.77911492457105,100.0,175.92721379525446,100.0,1728848755.767113
177.06304885329794,100.0,171.86745891926537,100.0,175.98466771534916,100.0,178.62642539991754,100.0,175.82948680912784,100.0,1728848755.834128
176.99179345494943,100.0,171.41584652568503,100.0,176.46828549613855,100.0,178.8029340976372,100.0,176.00889496297754,100.0,1728848755.901243
176.77673755304482,100.0,171.20915630014193,100.0,175.8470090850843,100.0,177.9626280062846,100.0,176.30862119232495,100.0,1728848755.96853
155.78719749922752,93.14878999691007,171.00613508316343,100.0,176.44943972144654,100.0,178.64373629276386,100.0,175.85233570603506,100.0,1728848756.0348952
100.49263876555311,0.0,169.69539740570312,100.0,175.4701264893348,100.0,178.13533748434153,100.0,176.69856387838664,100.0,1728848756.102326
98.34468462542237,0.0,170.01794678664987,100.0,176.18323361573601,100.0,178.56510598781185,100.0,175.75047675335975,100.0,1728848756.167521
100.05524317091248,0.0,170.10787167816082,100.0,174.65204471739426,100.0,175.91427199697438,100.0,176.2312967275953,100.0,1728848756.235321
98.7983262867028,0.0,170.02780136810034,100.0,174.2267297095462,100.0,175.60639686890968,100.0,176.14440634192223,100.0,1728848756.300916
98.75470061314817,0.0,169.95741892533556,100.0,174.63785196974865,100.0,175.86502737884476,100.0,176.1986975593199,100.0,1728848756.368116
98.43176753529225,0.0,170.01678393204935,100.0,174.66820131491468,100.0,175.85802940955858,100.0,175.98775067822527,100.0,1728848756.435041
99.66248931834718,0.0,169.8202437016608,100.0,174.60728729189407,100.0,176.0646925173676,100.0,175.68694326986682,100.0,1728848756.496045
99.37021053777009,0.0,170.16131895890356,100.0,174.50143868350284,100.0,175.70396605367102,100.0,175.28063409128805,100.0,1728848756.535411
100.29027505404308,0.0,169.90975859984837,100.0,174.44353020493338,100.0,175.4973991438394,100.0,175.30146185540931,100.0,1728848756.601856
100.52618694086694,0.0,169.32754916958885,100.0,174.24662142875036,100.0,175.42449012343846,100.0,176.08373341483178,100.0,1728848756.6674392
119.21063081444332,0.0,169.18767854216657,100.0,175.30095080597457,100.0,177.56133197300056,100.0,177.00922632604784,100.0,1728848756.734431
149.07746523173125,66.30986092692501,170.52100873823179,100.0,175.54254741240953,100.0,177.85412642441676,100.0,176.34552571148208,100.0,1728848756.801471
161.52819074546005,100.0,171.03685000070865,100.0,176.05547634149366,100.0,177.81005413068357,100.0,176.50789171025554,100.0,1728848756.8688798
165.05995912503846,100.0,171.2981984548437,100.0,175.9841337339129,100.0,178.02529704833205,100.0,177.09220954908847,100.0,1728848756.935694
169.38778714973702,100.0,171.03558980101283,100.0,175.5164972314844,100.0,177.3696107876026,100.0,176.60557541414144,100.0,1728848757.002187
172.17124590167947,100.0,171.08035085956735,100.0,175.55030477498096,100.0,177.7241228497717,100.0,176.0999222135886,100.0,1728848757.068704
176.49615306874387,100.0,171.01188302008967,100.0,175.45103335968201,100.0,177.78696960706694,100.0,175.74813463380048,100.0,1728848757.135263
175.25935170879916,100.0,170.7943281910026,100.0,175.39559864338605,100.0,177.5926974399841,100.0,175.94035286768508,100.0,1728848757.201728
149.8122094055008,69.24883762200318,169.58793549621936,100.0,175.04743592399214,100.0,177.87136537604619,100.0,175.95605880147272,100.0,1728848757.268865
100.80755228570884,0.0,169.8648315355896,100.0,175.03332320184828,100.0,176.96522910975457,100.0,175.93866286948196,100.0,1728848757.3350148
98.75514223768617,0.0,169.5961773470554,100.0,175.20321153493515,100.0,176.64634010901642,100.0,175.94531569966335,100.0,1728848757.402015
97.14214587565154,0.0,170.2071668011458,100.0,174.93615160297153,100.0,175.38807592341374,100.0,176.50731002941308,100.0,1728848757.469679
97.97385025414356,0.0,170.27654176383425,100.0,174.74029731551255,100.0,175.11288883062193,100.0,176.11198055906613,100.0,1728848757.530891
99.36798227243298,0.0,170.59847274268267,100.0,174.51286537888768,100.0,174.72138473186504,100.0,176.09515728263827,100.0,1728848757.568539
100.0877417447595,0.0,170.47933040667527,100.0,174.64319634037844,100.0,175.2826903468176,100.0,175.95449460007777,100.0,1728848757.634994
99.26495527866338,0.0,170.78933916099342,100.0,174.48142977373126,100.0,175.10302704373214,100.0,175.9250259374378,100.0,1728848757.702543
99.82107025927888,0.0,170.85187465788292,100.0,174.59815730652124,100.0,175.25203687826323,100.0,175.99020182824057,100.0,1728848757.7689338
101.52235081107825,0.0,169.11003642847334,100.0,174.60736366479128,100.0,175.60199541992887,100.0,176.3954175435287,100.0,1728848757.835389
112.16716883335212,0.0,168.19754825008806,100.0,173.21711961528632,100.0,175.0123555807168,100.0,178.15770493425873,100.0,1728848757.904375
140.30965578043953,31.238623121758106,166.04065111817897,100.0,168.20531484983601,100.0,174.79691585674524,100.0,177.50976870012917,100.0,1728848757.969582
154.00423235689297,86.01692942757188,20.931404755401715,0.0,13.976362989073992,0.0,171.70005302282948,100.0,171.38278876356233,100.0,1728848758.0359309
157.03803997016425,98.152159880657,21.41724335567502,0.0,15.449794036519243,0.2949469091929465,30.907551388065848,10.431181238075967,170.86685566511568,100.0,1728848758.102977
159.36532310384212,100.0,19.16203811375622,0.0,15.659129208367611,0.4322158743394172,26.60649991646514,7.61081961735419,172.48049891387788,100.0,1728848758.1688352
159.45626448451642,100.0,20.870031299507442,0.0,16.196394358465593,0.7845208907971101,32.2542606196354,11.314269258777314,172.26605504781702,100.0,1728848758.2363021
159.39217856350865,100.0,20.901353199646717,0.0,16.648939218794574,1.0812716188816878,25.556120950199375,6.922046524720901,172.05285716134526,100.0,1728848758.3026829
159.7570921697666,100.0,20.096257032141658,0.0,16.08791572171412,0.7133873585010613,24.938510797056125,6.517056260364671,172.09965824458465,100.0,1728848758.36916
160.98340699830084,100.0,19.966300127502432,0.0,15.66750538851484,0.43770845148514104,28.749650287266576,9.016164122797754,172.03850853731055,100.0,1728848758.435693
161.43585538609926,100.0,20.014755727122125,0.0,14.934371111833109,0.0,20.97957464123873,3.9210325516319546,171.83200750744396,100.0,1728848758.503579
160.25086150148633,100.0,20.059264104164264,0.0,14.221700205956166,0.0,35.98705861587495,13.762005649754066,170.94247109459008,100.0,1728848758.564867
158.86585105055093,100.0,19.191623854586034,0.0,14.210550319490885,0.0,169.87977991298465,100.0,172.75991057659422,100.0,1728848758.602834
155.66556211618675,92.662248464747,168.42548793886948,100.0,172.34397212595317,100.0,175.17806501693946,100.0,178.6599790667715,100.0,1728848758.670105
160.85680501212278,100.0,170.88681486784498,100.0,173.62530337964225,100.0,176.3228903395997,100.0,178.29708464293614,100.0,1728848758.736479
162.46528991131962,100.0,171.72813900444925,100.0,174.4787883546805,100.0,176.69676316670305,100.0,177.04737988066216,100.0,1728848758.804304
162.1130455782556,100.0,171.6932804522734,100.0,174.83615377407764,100.0,177.4187812899199,100.0,176.99147685066978,100.0,1728848758.8694668
162.08037523761055,100.0,171.1437264323026,100.0,174.36488037581967,100.0,177.2255650574701,100.0,177.4430861618893,100.0,1728848758.935787
161.68279928491359,100.0,170.1646716373569,100.0,173.9740183211658,100.0,176.56508983412704,100.0,175.45158362493189,100.0,1728848759.00196
161.6170780803003,100.0,170.7848730007366,100.0,174.24236699856723,100.0,17.92010473459689,1.9148227767848462,19.824439092094188,3.1635666177666804,1728848759.070855
164.01517544265363,100.0,171.0631714805089,100.0,176.26074545688743,100.0,20.56347073462856,3.6481775309039732,20.48276586443719,3.595256304548978,1728848759.136037
165.70308892231512,100.0,169.5090195094308,100.0,178.18645524356072,100.0,18.506402995419226,2.2992806527339185,15.331920654821243,0.21765288840737232,1728848759.202147
159.9160540841437,100.0,169.23195530601615,100.0,176.1083270234259,100.0,20.196586202109216,3.4075975095798143,15.51168127323925,0.3355287037634421,1728848759.269136
159.25898255815048,100.0,168.26028526925475,100.0,177.42074212289222,100.0,22.386613917516897,4.84368125738813,18.378408065626903,2.2153495512307564,1728848759.33655
159.80461612054447,100.0,168.38360212267114,100.0,178.097249721842,100.0,22.626666926438844,5.001093066517274,18.94228101173541,2.5851023027773183,1728848759.4029481
160.39046136040528,100.0,168.44669017599335,100.0,177.1823761543053,100.0,21.374263499015537,4.179844917387237,17.69402693619989,1.7665750401310756,1728848759.470294
160.70682070922498,100.0,168.5448494021187,100.0,176.9900038486864,100.0,22.162242663255668,4.696552566069291,18.28888362860477,2.1566450023637826,1728848759.5367959
160.38654707364412,100.0,168.02821219692837,100.0,177.13548471793925,100.0,19.28996553312408,2.8130921528682484,16.100797223377167,0.7218342448374868,1728848759.599388
157.0450838437561,98.18033537502436,168.51989621603263,100.0,174.94520393844536,100.0,11.595863402642548,0.0,11.612123298617611,0.0,1728848759.636807
154.15608031300187,86.62432125200746,169.00496283378968,100.0,174.1607089504122,100.0,161.7966660866672,96.26010890928995,26.420351796941322,7.488755276682834,1728848759.701979
158.64249018075378,100.0,170.48470673232134,100.0,174.09848476739938,100.0,173.3165011459872,100.0,174.28171093466085,100.0,1728848759.770772
160.37547513859346,100.0,169.88858549946602,100.0,174.437835530252,100.0,175.79963905147457,100.0,178.06879285571273,100.0,1728848759.837332
159.54251028659556,100.0,169.51860301370928,100.0,174.44502722575518,100.0,175.78764638676083,100.0,178.25378967275213,100.0,1728848759.903768
158.92177179256353,100.0,169.82034981711664,100.0,174.385740923574,100.0,175.7383866739252,100.0,178.42148484754975,100.0,1728848759.969107
156.19548593448735,94.7819437379494,166.27196803028366,100.0,172.480058162531,100.0,172.68640879977386,100.0,177.0086564223041,100.0,1728848760.037478
160.10341848078218,100.0,52.81044633894493,19.864604527817807,21.11012138360022,4.006636972852603,170.20729510348258,100.0,173.9523938658301,100.0,1728848760.102266
158.31834948730787,100.0,21.05592526186358,0.0,19.090920263641856,2.6825706646831837,43.803917785550006,18.887814941344267,171.67250798515587,100.0,1728848760.1698508
163.07053410874005,100.0,22.057222572205838,0.0,18.08162364809289,2.0207368184215673,19.256502247398934,2.791149014687826,171.43543058344673,100.0,1728848760.236278
163.8771181741314,100.0,22.05456298806796,0.0,17.303714630819883,1.5106325447999231,11.093371865013749,0.0,172.02102894739903,100.0,1728848760.3029592
165.33079602061483,100.0,22.095443899081566,0.0,17.52880890403124,1.6582353469057316,12.976255216994256,0.0,172.2364486887008,100.0,1728848760.370492
166.1103123390825,100.0,21.840355014561666,0.0,17.63571421272732,1.7283371886736516,11.824579977188268,0.0,172.3339992588809,100.0,1728848760.4368892
166.8050293015511,100.0,21.644721502110073,0.0,17.6466743936928,1.7355241925854414,12.402199422743553,0.0,171.39670716308586,100.0,1728848760.504284
165.35964949880415,100.0,21.69406345307622,0.0,15.5077312953383,0.33293855432019626,54.132160058222766,25.66043282506411,170.407476022664,100.0,1728848760.569338
160.9467979462392,100.0,86.83057856907405,44.164698977910035,27.221027975317433,8.013788836273726,169.48683045674846,100.0,176.5613742232727,100.0,1728848760.6321201
166.40829600178614,100.0,166.76501413987566,100.0,170.52553985009905,100.0,174.36218209039038,100.0,177.8884624319826,100.0,1728848760.670911
167.18133000921907,100.0,167.52899064603133,100.0,171.65358166547446,100.0,173.90058686908992,100.0,176.6044865285698,100.0,1728848760.736278
164.7967683444193,100.0,168.12514842596946,100.0,172.90041830530637,100.0,175.54302898730208,100.0,177.16199919201398,100.0,1728848760.80285
123.4617303250013,0.0,168.4090693070472,100.0,173.5050156507968,100.0,176.63426825847344,100.0,177.46789700577,100.0,1728848760.870649
80.8152804827289,0.0,168.00602316100847,100.0,173.86185159084934,100.0,177.47300143443877,100.0,175.9032494595985,100.0,1728848760.938477
91.93869443783944,0.0,168.78437400129775,100.0,174.53370456222845,100.0,177.12818796181006,100.0,175.08129274544464,100.0,1728848761.00412
93.26960717715858,0.0,169.61668139229735,100.0,174.4907259536766,100.0,177.0435296452182,100.0,175.72488097137452,100.0,1728848761.071279
94.6325628365737,0.0,168.76150989986974,100.0,174.48969695186685,100.0,177.15100518507057,100.0,176.45926282713177,100.0,1728848761.136213
94.44708577359634,0.0,168.6418543227336,100.0,174.2943069244275,100.0,176.8715161428352,100.0,176.5964756035577,100.0,1728848761.202782
89.06772837749908,0.0,170.3603319888657,100.0,175.52246058725075,100.0,177.67345521141857,100.0,176.62300602067796,100.0,1728848761.270538
139.03260758300718,26.13043033202871,169.28107591900664,100.0,174.75947727700355,100.0,177.93631515372243,100.0,177.36360978443128,100.0,1728848761.337985
149.4010871347452,67.60434853898084,169.2101882638607,100.0,173.1299723509741,100.0,176.4058552419845,100.0,178.51589796700145,100.0,1728848761.404333
153.9845026732977,85.93801069319079,167.1093259625953,100.0,171.79277442154662,100.0,175.41067219773794,100.0,178.0143701860985,100.0,1728848761.4703732
153.3186149605076,83.27445984203041,156.90885325317734,94.22060946655523,167.81090209201759,100.0,174.150409443963,100.0,178.00104283012823,100.0,1728848761.536727
151.79816224991606,77.19264899966424,26.767628022928818,1.262591444949156,23.84806166396163,5.80200764849943,174.73174392591739,100.0,173.35755044146902,100.0,1728848761.60323
149.61936173614842,68.47744694459368,20.249880276088533,0.0,12.442855514025277,0.0,178.00508681539418,100.0,172.62264237145922,100.0,1728848761.666128
150.61508106062172,72.46032424248688,19.317662763640495,0.0,13.120672440811045,0.0,151.18487981742993,89.30156053601964,168.68004916987826,100.0,1728848761.704658
155.47666837474839,91.90667349899354,22.18973839270897,0.0,14.660148313606589,0.0,65.7318424286989,33.26678192045829,169.01939477229192,100.0,1728848761.771123
156.2333118963169,94.93324758526762,22.227187403005903,0.0,16.429761630704416,0.9375486102979776,15.363152685184643,0.23813290831779851,171.1566115958981,100.0,1728848761.836357
154.14831204506024,86.59324818024095,23.149979664042146,0.0,17.411074712267116,1.5810325982079445,13.911885734824358,0.0,171.57029294115753,100.0,1728848761.904233
152.80118362657737,81.20473450630948,22.131777577911514,0.0,17.02041817356991,1.3248643761114174,14.926587317613759,0.0,171.7051198971365,100.0,1728848761.9703748
152.79232945863606,81.16931783454424,18.36107327287245,0.0,12.869257382803383,0.0,34.846486270085364,13.014089357433026,170.65363637981906,100.0,1728848762.037235
149.77444633993744,69.09778535974976,103.30113682747773,55.92938344819838,170.75718614594513,100.0,172.63611829743215,100.0,177.5289410127419,100.0,1728848762.105474
150.06890616627064,70.27562466508255,169.31393792138365,100.0,174.37425623153268,100.0,177.4652515549035,100.0,177.3958077617118,100.0,1728848762.172068
153.52570104378532,84.10280417514127,169.51226329609878,100.0,174.5398652981548,100.0,177.57914105780935,100.0,176.0394380074582,100.0,1728848762.237055
149.11365885355173,66.4546354142069,170.63843705575553,100.0,174.59930363654487,100.0,175.3094257528999,100.0,176.76138651582286,100.0,1728848762.304631
151.4937008357362,75.97480334294482,171.83834205753078,100.0,174.78668278614117,100.0,18.63187214896485,2.3815555075179335,19.72744991233252,3.0999671556278825,1728848762.3712142
154.5713726496492,88.28549059859677,171.57380826901556,100.0,174.8437713866844,100.0,21.01730575940036,3.945774268459253,23.076247198027147,5.295899801985014,1728848762.4417422
156.312937920061,95.25175168024396,172.86615373710848,100.0,178.2759991955965,100.0,19.876102395374353,3.1974441936881,18.218236271678084,2.1103188666741532,1728848762.5046551
154.41611035056496,87.66444140225985,172.2512752683621,100.0,179.15576772493864,100.0,20.1961839363034,3.4073337287235406,16.574551850397185,1.032493016653892,1728848762.571956
156.33528707754013,95.34114831016052,172.27864935083622,100.0,177.00795468010884,100.0,19.822038121275458,3.161992210672432,15.853644502224835,0.5597668867048099,1728848762.638377
156.0568582188847,94.22743287553885,171.9806162858525,100.0,178.60140422940268,100.0,19.97853897393612,3.2646157206138504,15.629663492715105,0.41289409358367546,1728848762.699991
155.44514738935075,91.780589557403,171.8568525447158,100.0,178.7620408339159,100.0,19.67551115779081,3.065908955928401,14.597637244146906,0.0,1728848762.738401
154.2670694275376,87.06827771015037,170.12513267313582,100.0,178.86243150875205,100.0,17.75264624047062,1.8050139281774569,15.678176046617068,0.44470560433906103,1728848762.804148
152.57170519164566,80.28682076658265,168.53231619701748,100.0,174.0944521386751,100.0,13.630065787655395,0.0,8.355256440067533,0.0,1728848762.872565
151.51861601583752,76.07446406335009,169.65733916702516,100.0,175.5679604809918,100.0,172.98733988794802,100.0,177.49177559835687,100.0,1728848762.938082
149.61786383644173,68.47145534576691,169.11571961261012,100.0,175.30301059593324,100.0,176.9428445774347,100.0,175.49533537337436,100.0,1728848763.0050418
118.9081436979561,0.0,170.07161375853096,100.0,175.69673654611276,100.0,178.38923870874797,100.0,175.20224289006472,100.0,1728848763.071925
85.53620548543572,0.0,169.43628699192917,100.0,175.7386039064116,100.0,177.89703846935242,100.0,174.49425326047654,100.0,1728848763.139816
84.01562374955614,0.0,169.5864589505398,100.0,175.4533450497285,100.0,177.8457594147789,100.0,173.52623507139566,100.0,1728848763.203836
88.81711096344151,0.0,170.05745395556838,100.0,174.95945804870018,100.0,177.071557731681,100.0,173.97654468877522,100.0,1728848763.2726452
92.61331989447307,0.0,170.09638226058323,100.0,175.05450187131564,100.0,177.19524099684318,100.0,174.2094350429188,100.0,1728848763.338999
93.79009150472584,0.0,170.25269094396717,100.0,175.22232250828728,100.0,177.07264144180604,100.0,174.7647319996001,100.0,1728848763.405483
94.10734626568014,0.0,170.43467005088922,100.0,175.2951187217659,100.0,177.2152273782636,100.0,174.6605246251452,100.0,1728848763.4727051
98.8780104664814,0.0,169.35125051036755,100.0,175.14929942552118,100.0,177.77005605823274,100.0,176.57153398990283,100.0,1728848763.538753
142.26970204699572,39.07880818798287,167.69018765349279,100.0,174.50645023295982,100.0,178.0961538208214,100.0,176.4393353374236,100.0,1728848763.605939
149.26174630772698,67.04698523090792,167.34686423241428,100.0,172.45052674623358,100.0,177.27065917758992,100.0,177.30447521602795,100.0,1728848763.6720572
149.68264583392195,68.73058333568781,166.05874078461,100.0,170.97090743354815,100.0,174.69896294699254,100.0,177.4820468575848,100.0,1728848763.734692
153.88188640999618,85.52754563998474,144.83339795722983,85.59528425516417,164.02196556296656,97.71932168063381,173.18646638207386,100.0,178.32452754412336,100.0,1728848763.772375
149.99661003443774,69.98644013775095,20.415270818854506,0.0,13.366063877446146,0.0,174.12315510614346,100.0,171.78143614163992,100.0,1728848763.83763
149.84857338309067,69.39429353236267,17.940849171761258,0.0,13.38507312696461,0.0,172.16238058192465,100.0,171.24389927000234,100.0,1728848763.906377
152.45462434568043,79.81849738272172,21.09204290704652,0.0,14.582212934352247,0.0,169.17149955277125,100.0,170.44615857112584,100.0,1728848763.9733388
155.96407297840926,93.85629191363705,20.93381954170965,0.0,15.990859885368387,0.6497441871268111,152.92341106669213,90.4415810273391,171.55454025575636,100.0,1728848764.0395362
156.4106720680564,95.64268827222566,21.24849883384395,0.0,16.036014322762796,0.6793536542706858,137.55693512911972,80.3652033633572,170.87863408932674,100.0,1728848764.1048892
155.765269822567,93.06107929026803,19.954034541947056,0.0,15.31155567488456,0.2042988032029896,39.82751676818128,16.280338864381168,172.17069441768194,100.0,1728848764.1725671
154.04936307351323,86.19745229405294,19.246166265103707,0.0,12.510509134535297,0.0,39.75714912395629,16.234196146856583,170.24684015507282,100.0,1728848764.238913
156.64989774968709,96.59959099874834,37.98791316247928,9.277080830342344,166.9458966508829,99.63665354156255,172.49127930688485,100.0,179.3160266755573,100.0,1728848764.3053792
153.20809681706902,82.83238726827608,167.826089593111,100.0,173.62917115719594,100.0,176.59050421430956,100.0,177.50380818149327,100.0,1728848764.3729331
156.42422417952196,95.69689671808783,170.10246933565983,100.0,174.60296239574188,100.0,177.12518920992693,100.0,176.9706316920903,100.0,1728848764.441995
153.286292894894,83.14517157957596,169.39469467462686,100.0,174.66633159933997,100.0,176.62387918098054,100.0,176.52797815092876,100.0,1728848764.506127
155.52787123167803,92.11148492671214,171.13634934244678,100.0,175.2656376093794,100.0,16.44244218728259,0.9458637293656335,15.7995491572244,0.5242945293274751,1728848764.5734441
160.34448274116065,100.0,168.81587990155762,100.0,174.33070718762895,100.0,19.076533016807616,2.6731364044640102,18.907688818737586,2.5624188975328437,1728848764.639603
161.42502065062078,100.0,169.3822274818061,100.0,177.33656858961317,100.0,17.888928667702373,1.8943794542310644,14.768175223048615,0.0,1728848764.705604
159.9527956141501,100.0,169.20742792656296,100.0,178.96871713909795,100.0,19.273307386159026,2.8021687778091975,15.795301918319998,0.5215094546360644,1728848764.767761
158.04948042374966,100.0,168.3146891561282,100.0,178.5545121050657,100.0,19.041071799496322,2.649883147210703,14.559037133693309,0.0,1728848764.8058329
156.64567652959497,96.58270611837986,169.28301771396215,100.0,177.87559917619873,100.0,20.709470437646935,3.743915041079957,16.46864880181761,0.9630483946344992,1728848764.8727648
157.3680256933332,99.47210277333284,168.9031986206091,100.0,177.66856627097098,100.0,16.676491986156286,1.0993390073155973,14.582406808800787,0.0,1728848764.9393668
155.11929720904558,90.47718883618234,167.77463483179181,100.0,173.9529002151316,100.0,13.132414147192208,0.0,11.201005029840637,0.0,1728848765.0070112
159.44901446006654,100.0,169.52195924004528,100.0,174.70845105853968,100.0,171.84679909325519,100.0,173.19946725180486,100.0,1728848765.0731552
161.75496143154743,100.0,170.59451340201946,100.0,175.9531356521426,100.0,176.70528730422294,100.0,176.75148805151838,100.0,1728848765.139513
158.03880552157827,100.0,164.83367678122434,99.88119770087452,174.215131068581,100.0,175.2663972813697,100.0,177.41141694289826,100.0,1728848765.205788
156.74725324890804,96.98901299563215,149.24413265620683,88.74580904014773,153.96375243568977,91.12377208897689,172.36157230008436,100.0,176.19049870081068,100.0,1728848765.272522
151.54492619610147,76.17970478440589,21.57302773520148,0.0,13.197753638464363,0.0,170.80269578668236,100.0,171.1977843661128,100.0,1728848765.3399098
151.60136558397468,76.40546233589873,18.489487604088932,0.0,13.85733045680078,0.0,172.80159504555564,100.0,171.14028401445415,100.0,1728848765.405962
156.02598145637035,94.10392582548138,22.341646701879878,0.0,17.430652129760123,1.5938702490230314,156.325398818708,92.67239266800526,170.94052628336343,100.0,1728848765.472215
156.02926177616126,94.11704710464505,21.844516807149496,0.0,16.979226775824053,1.2978536234911822,110.07419009472382,62.34373120965496,170.87909641142195,100.0,1728848765.5388181
156.41239586671378,95.64958346685512,21.617990646582168,0.0,17.228238846395136,1.4611402271443519,80.85745935287305,43.185219247785604,172.2196927557072,100.0,1728848765.6071281
158.86109941072658,100.0,20.721176753786814,0.0,14.290881890311402,0.0,23.301248785409715,5.443441826498174,171.59790954753166,100.0,1728848765.6737
164.36090590333555,100.0,169.6387597701247,100.0,124.91465224135374,72.075181797609,158.42507876185658,94.04923197498792,178.46052999404176,100.0,1728848765.739962
168.26683343209882,100.0,166.54870774888792,100.0,164.43627251181258,97.99099836840169,171.26138547024743,100.0,177.53574995741613,100.0,1728848765.801661
172.5632245247794,100.0,168.05453172957732,100.0,170.52903095402203,100.0,174.4910860027265,100.0,177.30517315140307,100.0,1728848765.839623
158.79379119115802,100.0,168.46258165511378,100.0,173.0667028061116,100.0,175.79297402927344,100.0,176.00467539579344,100.0,1728848765.907029
90.11559854689561,0.0,168.5996340826961,100.0,173.82817095115666,100.0,178.91964302350974,100.0,176.03531022237377,100.0,1728848765.974879
92.28001097864903,0.0,169.07504276005423,100.0,174.53405946669,100.0,177.60544157853693,100.0,175.24188188603478,100.0,1728848766.040002
94.1279428702868,0.0,169.06385033171335,100.0,174.9655125376518,100.0,177.2911893882753,100.0,176.23202977760002,100.0,1728848766.106672
94.11728520292793,0.0,168.77243068390894,100.0,174.90662410221265,100.0,176.83508694866106,100.0,175.6369580724006,100.0,1728848766.173952
99.00521669577589,0.0,168.73496594495953,100.0,174.79317512705273,100.0,176.33471953605982,100.0,175.90710191619493,100.0,1728848766.241297
100.50173078948009,0.0,168.53837333989426,100.0,174.81658487957986,100.0,176.10701432667562,100.0,176.50189945855607,100.0,1728848766.305865
108.16997014506256,0.0,169.07899583389704,100.0,174.0870856816339,100.0,176.80386510051397,100.0,178.2236706336272,100.0,1728848766.37295
152.53019398157082,80.12077592628327,170.16579620177646,100.0,175.2254813568447,100.0,177.84878239533919,100.0,177.49958295333658,100.0,1728848766.439966
161.12202844247835,100.0,171.43283436476347,100.0,175.62835253647154,100.0,177.4671384822379,100.0,177.85248642867285,100.0,1728848766.507468
163.5558480854487,100.0,171.26458262550412,100.0,174.56185597573256,100.0,175.99600246015646,100.0,177.6045654641784,100.0,1728848766.5729978
160.85156857278025,100.0,170.36986849307152,100.0,173.74386156423085,100.0,175.06137755999282,100.0,177.6957951333581,100.0,1728848766.6404061
158.55234160668306,100.0,169.7553405671891,100.0,172.93628258830933,100.0,174.755375836986,100.0,178.3626740940099,100.0,1728848766.707381
159.40962978513178,100.0,168.76790914955967,100.0,171.86455501108324,100.0,174.20410406319922,100.0,178.64901836006527,100.0,1728848766.7733278
156.39558925333125,95.58235701332501,169.3449781548837,100.0,172.3983350665049,100.0,175.0633764941085,100.0,178.8987937768483,100.0,1728848766.836152
154.76074208490996,89.04296833963986,167.6351756666687,100.0,171.3077275928742,100.0,174.85750733250754,100.0,176.2837013529122,100.0,1728848766.873655
151.772329442207,77.08931776882798,167.25621119717925,100.0,169.94269896250503,100.0,170.2565574727301,100.0,98.61667539101134,54.830606813777926,1728848766.941173
150.23832057606305,70.95328230425218,165.69248870868068,100.0,168.84528150654248,100.0,13.394211641584151,0.0,16.910530723839,1.252807032025573,1728848767.006838
150.0906336384585,70.36253455383405,167.6187009868284,100.0,173.52698078463524,100.0,11.0775461289751,0.0,6.0865847785603,0.0,1728848767.074216
151.7425943716907,76.9703774867628,167.053137366927,100.0,172.08064026262767,100.0,11.939329519073976,0.0,8.636859798925812,0.0,1728848767.1410801
152.48439991056463,79.93759964225853,167.51228063680756,100.0,173.444393222666,100.0,11.227782539533518,0.0,7.091525049159864,0.0,1728848767.207252
153.47812293572122,83.91249174288487,168.0463425833041,100.0,174.18279844092805,100.0,11.073851320789753,0.0,6.889075952212822,0.0,1728848767.272824
153.7230230349738,84.89209213989523,167.1309110614292,100.0,173.11966125673462,100.0,10.718679718808362,0.0,6.86648688601092,0.0,1728848767.3416781
153.31714699709886,83.26858798839544,166.50075370598003,100.0,171.1113890289982,100.0,7.908848550646446,0.0,7.825069693862347,0.0,1728848767.407862
156.94047541604814,97.76190166419258,168.55592734897706,100.0,173.01031622571278,100.0,172.78508473245134,100.0,169.7980196181666,100.0,1728848767.472901
157.23662909660894,98.94651638643575,169.1095154237924,100.0,172.8584421171954,100.0,175.09723874353799,100.0,171.5768236017913,100.0,1728848767.5415869
157.6565225777305,100.0,167.72027761354053,100.0,172.9347788872569,100.0,175.16147390544035,100.0,172.66137641995317,100.0,1728848767.605814
152.70698734307865,80.8279493723146,157.28113789284745,94.48652706631961,167.96626633617032,100.0,171.40227985872085,100.0,174.85681879100176,100.0,1728848767.674206
152.0052945467126,78.02117818685042,14.982776015650463,0.0,11.678383356379538,0.0,177.3593878760001,100.0,168.2876761635301,100.0,1728848767.741729
150.92141470173047,73.68565880692188,16.82205875346875,0.0,13.082228211459755,0.0,167.0320346241936,99.69313745848761,165.50792801442836,98.69372328814976,1728848767.806886
153.2626466854887,83.05058674195482,17.473537688987363,0.0,13.656917892760625,0.0,161.015745168239,95.74802961851738,161.71038102716213,96.2035285424014,1728848767.869489
155.02344328390686,90.09377313562743,18.30179017503029,0.0,13.978980589180155,0.0,145.71057174597462,85.71185032522925,156.82212523363464,92.9981149073014,1728848767.907124
155.62637670773844,92.50550683095378,17.79711239440761,0.0,14.020224642606196,0.0,150.19507989679903,88.65251140773707,158.80089589110128,94.29566943678772,1728848767.974933
156.42445252775852,95.69781011103407,16.313111568479414,0.0,11.876443701439898,0.0,161.43440859382045,96.02256301234128,162.88831897082696,96.97594686611603,1728848768.0410721
160.68852828899125,100.0,163.91236358648172,99.22311684748693,166.08204622840466,99.0701942481342,170.03258517210688,100.0,173.53406045830627,100.0,1728848768.107452
154.9222863317001,89.68914532680037,167.9239361322497,100.0,172.11671292163476,100.0,172.7133420091165,100.0,175.03928976515476,100.0,1728848768.1740422
133.05476156755927,2.2190462702370723,170.02516089680518,100.0,173.639560876309,100.0,174.95330423790477,100.0,175.92030657965125,100.0,1728848768.242013
124.51341955837582,0.0,169.3264326466417,100.0,173.96977923781355,100.0,175.54379933262223,100.0,177.0843267669999,100.0,1728848768.307946
119.91752599885176,0.0,169.79670980222548,100.0,173.60736409018952,100.0,174.49644534441018,100.0,178.83029293622874,100.0,1728848768.3744671
116.78276371561842,0.0,169.6498373561486,100.0,173.57795157918565,100.0,173.04033341428868,100.0,175.71350353243565,100.0,1728848768.441716
115.25976872666149,0.0,169.66526180448517,100.0,173.64282082234428,100.0,172.6281724523414,100.0,175.20900328039343,100.0,1728848768.507881
114.7008150871222,0.0,169.30599733837113,100.0,173.43655158752736,100.0,171.96568992446453,100.0,174.08780890608682,100.0,1728848768.574144
123.82675248775196,0.0,169.1729916015651,100.0,174.19009154216081,100.0,174.03673362854022,100.0,176.91639906259957,100.0,1728848768.640934
130.9474302138487,0.0,169.70637289042529,100.0,173.51850483452353,100.0,175.96054393363153,100.0,177.26527921065752,100.0,1728848768.708317
143.97162807506186,45.88651230024743,170.81827994792334,100.0,173.56173189408003,100.0,175.95757396288747,100.0,177.217995665874,100.0,1728848768.774217
147.6061655972981,60.42466238919235,171.00309854014452,100.0,174.49959208821684,100.0,175.49890203949658,100.0,177.25935796889678,100.0,1728848768.840767
152.96221642583376,81.84886570333504,171.2351459348255,100.0,174.5969318233894,100.0,175.393658696417,100.0,177.32492582612826,100.0,1728848768.903615
155.88429180557608,93.53716722230433,170.24852190992394,100.0,174.22036588697853,100.0,175.50753048194358,100.0,177.0549959521149,100.0,1728848768.9405792
129.1525838233278,0.0,170.19636694928732,100.0,173.7883209577113,100.0,174.74379545742863,100.0,178.30912045522152,100.0,1728848769.0087838
125.34638680839929,0.0,170.02292812320212,100.0,173.77599810905105,100.0,175.36256721964904,100.0,179.41297095897417,100.0,1728848769.075006
113.80413575876092,0.0,169.5769786168543,100.0,173.70946749801678,100.0,174.2664222408131,100.0,178.72456938547,100.0,1728848769.1415942
112.2739157403587,0.0,169.7298707668524,100.0,173.90733811591693,100.0,172.93652341286844,100.0,176.61675952735683,100.0,1728848769.208137
113.45058385783322,0.0,170.02504276897864,100.0,173.83349562873147,100.0,173.2434343419971,100.0,177.14128383888013,100.0,1728848769.275697
126.80296040192725,0.0,169.58770819402386,100.0,173.97081349468888,100.0,174.14126704429634,100.0,178.22166907189168,100.0,1728848769.3410938
132.5015479629011,0.006191851604398834,170.29286027145113,100.0,173.84891620506014,100.0,176.24044306061137,100.0,177.98186959068178,100.0,1728848769.408671
141.26013910851265,35.040556434050586,170.7900523292793,100.0,174.15683845617826,100.0,175.5746848380803,100.0,179.25319357068702,100.0,1728848769.475157
145.17712865979414,50.70851463917654,168.6592828672631,100.0,174.5276639549371,100.0,176.06594671468073,100.0,177.99808340961974,100.0,1728848769.541594
147.1224388636984,58.48975545479357,15.338934960027617,0.0,14.110728351884033,0.0,175.6021175920061,100.0,175.84867895337317,100.0,1728848769.607979
149.62851362275416,68.51405449101662,12.769458218193332,0.0,10.407609403429428,0.0,161.2340797693259,95.89119984873828,168.2768916087619,100.0,1728848769.674398
154.1093843629564,86.43753745182562,13.326610118883977,0.0,10.57807225328546,0.0,156.60000483818996,92.85246218897703,169.1244916489253,100.0,1728848769.74225
153.74910143676547,84.99640574706189,14.354907158550507,0.0,11.721021522510913,0.0,150.15564752892388,88.62665411732713,167.48476178725906,99.99000772935021,1728848769.808892
152.55980300469403,80.23921201877613,14.246194163314845,0.0,11.487034411613653,0.0,153.32121907571363,90.70243873817287,167.67064794392851,100.0,1728848769.875469
152.68501479093493,80.74005916373972,15.015860482845984,0.0,10.68073321076497,0.0,167.8206567453859,100.0,167.744686510036,100.0,1728848769.938207
155.06730523463577,90.26922093854307,167.4239747885356,100.0,172.12499605889323,100.0,172.96521598949693,100.0,175.9791746042297,100.0,1728848770.007551
156.81318204779342,97.25272819117367,172.0655929771732,100.0,174.8348945789775,100.0,175.46536666339287,100.0,177.9708548367548,100.0,1728848770.0745971
158.11465534984706,100.0,171.9309184517513,100.0,174.80987119016234,100.0,176.89933597330264,100.0,178.61677574462374,100.0,1728848770.1424482
157.49349743435033,99.97398973740133,171.3824999429392,100.0,173.46595043822094,100.0,176.7986400221598,100.0,177.01118220588185,100.0,1728848770.2085388
154.06882822621313,86.27531290485251,170.4245798925517,100.0,172.23160180291194,100.0,176.16358702346557,100.0,173.7591797304996,100.0,1728848770.275303
152.12269487416594,78.49077949666378,170.72859500242427,100.0,173.52604837751747,100.0,22.234223314400605,4.743752993049577,21.917862806480585,4.5363034796594,1728848770.343325
152.59202413262707,80.3680965305083,19.66758939279877,0.0,12.047793599596536,0.0,3.8549431982119833,0.0,3.342544852492024,0.0,1728848770.4089012
149.58482124354504,68.33928497418015,18.140018160964345,0.0,10.223520337155175,0.0,2.442368787211498,0.0,4.385568278893615,0.0,1728848770.474986
143.54325759152454,44.173030366098146,19.701066337320814,0.0,11.464134011489426,0.0,3.2794437054242964,0.0,3.0557494429185983,0.0,1728848770.541495
145.34749404048185,51.3899761619274,20.513123567025424,0.0,12.024853922097343,0.0,3.7978668061648193,0.0,4.287653169714888,0.0,1728848770.6091058
147.55134607366614,60.205384294664555,20.65569506081447,0.0,11.820215326090247,0.0,3.4838673725521345,0.0,2.9133092344665417,0.0,1728848770.6760461
149.34500847917082,67.38003391668326,19.717155649240883,0.0,10.992375051556246,0.0,2.1331639251209036,0.0,3.1733769621853285,0.0,1728848770.741981
162.09775154337532,100.0,28.500706044227094,2.5005043173050674,12.425578433829251,0.0,4.496330942490472,0.0,7.722659715982926,0.0,1728848770.8084018
169.61537565141026,100.0,169.37153558866748,100.0,173.44897698229832,100.0,174.4245789954315,100.0,173.73092727070448,100.0,1728848770.8760052
173.88125796876824,100.0,169.30229827000602,100.0,173.20909387260517,100.0,175.61633055612333,100.0,177.30955752437745,100.0,1728848770.9425259
162.3305637630713,100.0,170.49194928809928,100.0,174.133166776308,100.0,176.0791537175809,100.0,177.81911924594522,100.0,1728848771.0087628
128.56968917977576,0.0,169.45150532566342,100.0,173.55164275973002,100.0,176.1256354570565,100.0,178.58779776699893,100.0,1728848771.075915
112.51436167097292,0.0,169.26860897586855,100.0,174.09368159841054,100.0,174.9879164570576,100.0,179.6279722478822,100.0,1728848771.1455941
111.65180241969054,0.0,169.64808878657615,100.0,173.5948593643968,100.0,173.765770837851,100.0,178.08415826871493,100.0,1728848771.208357
114.26299220373294,0.0,168.95257754332945,100.0,173.678528590066,100.0,173.61698489893766,100.0,176.31011411709042,100.0,1728848771.276125
115.12482357312611,0.0,168.64587386486897,100.0,173.70340349483283,100.0,173.41958368381745,100.0,176.54511789152306,100.0,1728848771.342905
125.84464260891922,0.0,168.59016390974986,100.0,173.59445329883047,100.0,175.6261141206802,100.0,179.27573583639736,100.0,1728848771.40887
142.99475784447895,41.97903137791582,170.91679311616096,100.0,174.48268287168952,100.0,176.3101356636788,100.0,177.62324507919197,100.0,1728848771.475481
147.2503904219285,59.001561687714,170.06130538135196,100.0,173.91718755304566,100.0,175.999957262027,100.0,179.58301303449483,100.0,1728848771.542829
153.61394044233936,84.45576176935742,169.8359934393871,100.0,173.43771080145817,100.0,175.86319844639803,100.0,179.41714857270543,100.0,1728848771.609382
153.71810740820194,84.87242963280778,141.01425266524498,82.86732333231784,127.5158336218465,73.78087450612884,142.77447580086462,83.78654150876369,173.73205720080915,100.0,1728848771.675987
153.82883365199015,85.31533460796061,18.38378644882729,0.0,9.856033895400651,0.0,3.606693091920803,0.0,5.765755874408409,0.0,1728848771.742444
150.57217846225714,72.28871384902857,16.787774664899878,0.0,9.16718694732006,0.0,4.910730215684106,0.0,8.484718675913273,0.0,1728848771.808676
144.30083518866417,47.203340754656665,17.283952633894202,0.0,8.618337510414827,0.0,8.090899872190173,0.0,11.274027728271195,0.0,1728848771.875168
147.66655493633178,60.66621974532711,16.409171268657605,0.0,7.684006579724595,0.0,9.681681990805595,0.0,15.42394850914713,0.2779990223915601,1728848771.942973
149.86518750987395,69.46075003949579,17.59450482964331,0.0,8.566161772393203,0.0,10.950731626276761,0.0,16.4496677809513,0.950601823574624,1728848772.0060859
151.03117707198442,74.12470828793766,16.58244397424282,0.0,7.126122644977205,0.0,9.1068574160572,0.0,14.054109881332185,0.0,1728848772.075836
157.51247106361632,100.0,17.122341372500426,0.0,8.66190192594221,0.0,4.044814162098617,0.0,8.118475494793064,0.0,1728848772.142085
170.09004204726378,100.0,169.98431274969124,100.0,171.4891816865652,100.0,172.26426432774167,100.0,174.063023480196,100.0,1728848772.20975
172.15323061995946,100.0,171.97212429944742,100.0,174.49603835356416,100.0,177.3875590304944,100.0,177.6627475260879,100.0,1728848772.276501
175.54009657419155,100.0,171.89629900933085,100.0,173.76312490627487,100.0,176.99402362477582,100.0,177.8734449232351,100.0,1728848772.342807
166.89360820933092,100.0,171.5743134579572,100.0,174.0417041550477,100.0,176.874457828463,100.0,178.1890877565178,100.0,1728848772.40943
121.47876826339473,0.0,171.1766436623444,100.0,174.32687659284085,100.0,177.48657829373212,100.0,177.85131922609546,100.0,1728848772.4759412
112.25613177141068,0.0,170.02265172955322,100.0,174.64630562487602,100.0,176.25705583379772,100.0,178.28929555697297,100.0,1728848772.5436459
110.3967761047539,0.0,170.6516767722912,100.0,173.76979635829886,100.0,174.3096838060881,100.0,178.32084061606258,100.0,1728848772.609635
113.68783573333573,0.0,170.41131420902133,100.0,173.69771321433745,100.0,173.76835915171196,100.0,176.18268789599384,100.0,1728848772.675719
112.47481818882261,0.0,169.67816860971396,100.0,173.42215139999507,100.0,173.55168582468698,100.0,176.82524923431978,100.0,1728848772.742798
122.72979587669441,0.0,169.06449267936654,100.0,173.9082403323223,100.0,176.87700135994945,100.0,177.73464499232313,100.0,1728848772.810653
136.24433313529588,14.9773325411835,169.02211128159695,100.0,173.8130098629693,100.0,177.2120594475094,100.0,178.5423963222526,100.0,1728848772.8750038
138.9772695189254,25.909078075701586,167.93134615629288,100.0,172.0710424946583,100.0,175.8511918098191,100.0,178.85102696520954,100.0,1728848772.9430861
140.7110473645551,32.8441894582204,18.939053464171117,0.0,11.971478196565105,0.0,178.55139377523713,100.0,172.20325612221993,100.0,1728848773.009845
141.19059399584074,34.76237598336297,17.05203683005303,0.0,8.752450427890153,0.0,159.74873023047456,94.91720015113087,164.0605163143511,97.74460086186959,1728848773.077759
140.93329088432057,33.73316353728228,18.329471706482778,0.0,10.597837057555177,0.0,136.46312417979317,79.64795028183158,167.57869005173123,100.0,1728848773.142772
144.1135674142581,46.454269657032455,19.11798690610653,0.0,12.163380953419638,0.0,24.249385113570415,6.0651705662756825,163.78981370336265,97.56709095302469,1728848773.210796
142.3594927932871,39.43797117314841,19.85783890092167,0.0,13.228726590010462,0.0,45.35107860290371,19.902346624854893,162.6813947897875,96.84025887854918,1728848773.27696
153.49577996178013,83.98311984712052,19.878787170423,0.0,10.60182182364529,0.0,163.81675869488896,97.58475979992718,166.66410791235953,99.4518740408915,1728848773.342859
165.41879157848732,100.0,168.94257027465156,100.0,172.00867554292478,100.0,174.5104714158199,100.0,178.8704162272087,100.0,1728848773.409397
168.9941223816529,100.0,170.12463373191216,100.0,174.024272376217,100.0,176.59672117453295,100.0,178.77403415398425,100.0,1728848773.476137
169.6014471878511,100.0,170.73839998629387,100.0,173.99526821733477,100.0,177.38067031167472,100.0,177.18247546721824,100.0,1728848773.543231
160.07530723633218,100.0,170.79943815040727,100.0,174.4898979468803,100.0,177.71847515211576,100.0,177.44628476030894,100.0,1728848773.6089861
110.81008166276354,0.0,168.42851053088967,100.0,174.09626970456497,100.0,175.9030823528633,100.0,179.4639867218921,100.0,1728848773.678384
102.32170529045287,0.0,169.02777410627476,100.0,174.49876085789236,100.0,175.1938483984296,100.0,178.96378684538965,100.0,1728848773.743175
109.12582514808172,0.0,168.46579352401054,100.0,174.07161822821064,100.0,175.01603156106881,100.0,179.02047427449796,100.0,1728848773.811768
107.25951542964243,0.0,167.58792865879758,100.0,174.12022975295278,100.0,174.97277229836112,100.0,178.04604486214254,100.0,1728848773.8768902
119.55031311426418,0.0,167.5980466481829,100.0,173.74471746096552,100.0,175.57882291628297,100.0,178.92009380475523,100.0,1728848773.943331
142.5411849304976,40.16473972199037,167.48940689730574,100.0,173.28312412523485,100.0,176.3913677817694,100.0,179.2709301000999,100.0,1728848774.009731
148.82015464093894,65.28061856375575,165.33114133331037,100.0,168.74679976003947,100.0,174.2728406268972,100.0,178.9933647295908,100.0,1728848774.074355
149.17849059539196,66.71396238156785,13.372281002137184,0.0,10.071871701235088,0.0,173.27985614976012,100.0,177.65076353706365,100.0,1728848774.143874
147.41508022476933,59.6603208990773,15.181206328453342,0.0,11.374593202237998,0.0,175.2642024859842,100.0,171.68506455423298,100.0,1728848774.2113888
151.40022618539444,75.60090474157778,16.14747126532304,0.0,12.798505216893904,0.0,177.52771837541874,100.0,174.17437739539042,100.0,1728848774.2781
153.57880735201198,84.31522940804791,14.930743483931318,0.0,11.5664890832496,0.0,173.11455417739754,100.0,171.82183679254751,100.0,1728848774.3438442
156.4638192974506,95.85527718980245,15.864972474915612,0.0,10.366750393141341,0.0,169.00597293350424,100.0,170.29854463337148,100.0,1728848774.411532
153.35532480009874,83.42129920039497,165.15917624876457,100.0,172.73868001658897,100.0,173.9099436891097,100.0,178.16889372358503,100.0,1728848774.477629
157.05595473659568,98.22381894638272,168.32036214290886,100.0,173.3548182343785,100.0,176.28759252531697,100.0,178.34265800511508,100.0,1728848774.5429099
156.31692512648587,95.26770050594348,169.47480898784934,100.0,172.40046295030726,100.0,176.0638663470065,100.0,174.81012108123457,100.0,1728848774.610532
150.56984182156359,72.27936728625434,169.76331088750985,100.0,172.546358927039,100.0,172.59341012675415,100.0,26.335116710126258,7.432863416476235,1728848774.677119
149.79328093912372,69.17312375649487,169.30486839644718,100.0,174.27753938453375,100.0,16.185939441581706,0.7776652075945611,15.813455700760068,0.533413574268897,1728848774.744303
148.41170776605205,63.646831064208186,169.88131671325146,100.0,176.22669538094922,100.0,13.470941286594458,0.0,10.97641675777583,0.0,1728848774.8115258
151.22801463556857,74.91205854227428,169.5022067567886,100.0,175.05769456218903,100.0,13.072227736257394,0.0,10.229908370642478,0.0,1728848774.876888
150.95182017456966,73.80728069827865,169.68298002294796,100.0,175.75137073809867,100.0,13.651401323793298,0.0,11.013801608904668,0.0,1728848774.943727
149.38455760143447,67.53823040573786,168.11053203826614,100.0,173.89736223666912,100.0,10.719421316999382,0.0,9.755944094083857,0.0,1728848775.010844
152.7940265915486,81.1761063661944,169.81869956868888,100.0,174.29241220446798,100.0,172.19977939072558,100.0,161.66849992383413,96.17606552382566,1728848775.077792
157.3771091876696,99.50843675067836,170.15875988620817,100.0,173.7191185336235,100.0,175.1159220547852,100.0,177.26433748726384,100.0,1728848775.145134
158.35281436362024,100.0,168.9355057495739,100.0,174.15068703853055,100.0,177.0265789569782,100.0,176.5406794150854,100.0,1728848775.210599
157.84804942078352,100.0,165.5927041530428,100.0,171.4855090214164,100.0,174.66797356007805,100.0,177.7552035300901,100.0,1728848775.279011
155.62167539798207,92.4867015919283,17.80952173120437,0.0,10.760152497773353,0.0,170.2281324875992,100.0,166.8779790313253,99.59211739759036,1728848775.344967
155.16642167831208,90.6656867132483,19.435029380063824,0.0,14.593618108444996,0.0,3.84831730911379,0.0,145.92086325715485,85.84974639813433,1728848775.411217
157.69662176971917,100.0,19.390514105825293,0.0,14.172379740955792,0.0,5.49895524436794,0.0,61.078923910805464,30.21568781036424,1728848775.477599
156.48641993594768,95.94567974379072,19.12845663550595,0.0,14.614783805302363,0.0,5.1544736718180895,0.0,61.069720169448814,30.20965257013037,1728848775.544815
157.09342240748478,98.37368962993912,18.934080631781804,0.0,14.610737418252645,0.0,6.036724926767481,0.0,120.37408081443293,69.09775791110356,1728848775.61166
163.07343812771308,100.0,18.120504488453037,0.0,11.058965587391928,0.0,84.72699595888919,45.72262030091095,160.8992233638495,95.6716218779341,1728848775.677423
168.46354236933743,100.0,85.39376739837071,43.13840528455051,171.0235172340321,100.0,174.55066539890623,100.0,178.10602044398456,100.0,1728848775.7440388
169.26936239827566,100.0,167.7455379255325,100.0,174.13524016640923,100.0,177.17017145498954,100.0,176.89280546593898,100.0,1728848775.811451
153.96282948833476,85.85131795333905,169.50706855697854,100.0,174.2446827610067,100.0,177.46902031831675,100.0,176.09686107808176,100.0,1728848775.8776588
91.78897146179631,0.0,168.4192816258872,100.0,174.04119589242188,100.0,178.05511744326188,100.0,175.97887426848024,100.0,1728848775.942938
104.2036396762089,0.0,169.00863152859787,100.0,174.8425766263128,100.0,176.216343323871,100.0,176.78502660434924,100.0,1728848776.011324
103.45856262165903,0.0,168.64440894229065,100.0,173.80290579930968,100.0,175.29959445244052,100.0,177.50454676654493,100.0,1728848776.077554
103.13761976926787,0.0,167.2202381128192,100.0,173.60972015306368,100.0,174.4568233804948,100.0,177.65995909712754,100.0,1728848776.138908
99.69384806751083,0.0,169.03966298727426,100.0,174.25489280715144,100.0,175.02996065335566,100.0,177.90355333492639,100.0,1728848776.178028
114.85651701389745,0.0,166.97880443447355,100.0,173.8412917606314,100.0,176.53469153849093,100.0,178.7142783316051,100.0,1728848776.2445152
136.13218399942835,14.528735997713396,166.85291193631485,100.0,173.47824636844396,100.0,176.71026251315837,100.0,177.78345784882373,100.0,1728848776.3109171
140.65261965393313,32.61047861573252,167.06257551835475,100.0,172.14009365429334,100.0,176.45398653702588,100.0,177.37280718114786,100.0,1728848776.37956
136.34517214287933,15.38068857151734,157.79600779776877,94.85429128412055,160.86903072917,95.65182342896394,171.31303634444592,100.0,178.14692345432027,100.0,1728848776.444201
135.86708347706974,13.468333908278964,17.83436114242452,0.0,11.41557844583709,0.0,163.8891897879324,97.63225559864419,175.90853240096104,100.0,1728848776.512012
132.61912607650575,0.47650430602300275,21.096643554189317,0.0,16.01237919339753,0.6638552087852645,6.0153325676148945,0.0,166.47057242989987,99.3249655278032,1728848776.57878
138.03660930733056,22.14643722932226,16.23672654411877,0.0,12.479463320369879,0.0,3.6673904323044395,0.0,166.68408868219785,99.46497618504777,1728848776.645608
129.08394553590867,0.0,17.040022891527578,0.0,11.355860166834626,0.0,2.5003603276574244,0.0,163.6642843791866,97.48477664208957,1728848776.711423
127.68248358470264,0.0,64.40993402384221,28.149952874173007,90.10019078760119,49.246026745967995,158.73014079761475,94.24927265417361,176.4332053345148,100.0,1728848776.777837
100.36694435324637,0.0,166.2759581537799,100.0,171.13891197809997,100.0,175.72440600225994,100.0,176.82017015670226,100.0,1728848776.844598
93.07584508618632,0.0,168.37485103438422,100.0,174.26227467630278,100.0,177.50469020345537,100.0,176.35680143549757,100.0,1728848776.911805
96.04086789767348,0.0,167.79007562889024,100.0,174.42714786464404,100.0,177.43219903122593,100.0,176.26289101430623,100.0,1728848776.9780118
98.82086561737276,0.0,167.50226253883085,100.0,172.69313428289655,100.0,175.77158524476903,100.0,176.63223493718115,100.0,1728848777.044797
110.19668142561792,0.0,169.38662292604195,100.0,172.78770572799303,100.0,173.25327198546842,100.0,170.96758792629316,100.0,1728848777.112764
109.6592902678676,0.0,169.04611124433183,100.0,172.62183633424746,100.0,173.62582260494804,100.0,163.98881552061522,97.69758394794441,1728848777.174707
111.27349226306869,0.0,169.14319965247267,100.0,173.1037833022235,100.0,174.50758342002456,100.0,159.54438157263647,94.78320103123703,1728848777.212529
109.07663171819107,0.0,168.94968160203373,100.0,172.35009067874577,100.0,174.43507957555565,100.0,179.25701017487003,100.0,1728848777.278563
113.75999142808233,0.0,169.68314578271392,100.0,173.47475680440368,100.0,176.25996342553321,100.0,179.0301530878961,100.0,1728848777.345116
133.4860792476888,3.944316990755169,168.91644684238557,100.0,173.99891477354623,100.0,176.46951648781567,100.0,177.74579373397137,100.0,1728848777.412596
142.31068185205243,39.2427274082097,169.60080384906635,100.0,172.3694848489728,100.0,174.9294593896526,100.0,178.928723631558,100.0,1728848777.4798238
146.89692910577375,57.587716423095,169.0892390346422,100.0,172.9611034187113,100.0,150.86587713892922,89.09237845175687,22.358657475901914,4.8253491645258455,1728848777.5453372
151.72912049310855,76.91648197243421,169.84238481699487,100.0,15.845589815227592,0.5544851247394049,6.738121980178735,0.0,1.417231017085195,0.0,1728848777.6119459
145.70773147733019,52.83092590932073,17.026549384971798,0.0,10.295065950095434,0.0,4.019426522095812,0.0,4.412560530955145,0.0,1728848777.678592
138.4820979897362,23.928391958944758,16.098100458826952,0.0,9.506612201275413,0.0,3.3922985792336418,0.0,5.150616277083614,0.0,1728848777.745978
137.34280934827703,19.371237393108117,16.25172548827522,0.0,9.520404933241801,0.0,4.22746650587883,0.0,5.511166945961007,0.0,1728848777.8122292
137.2408282658293,18.963313063317173,15.683326128034569,0.0,8.668690355687827,0.0,3.92803031379355,0.0,4.657180854332664,0.0,1728848777.879006
